INSERT INTO USERCREDENTIAL (USERNAME, P_PASSWORD)
VALUES ('Koos123','Farmer1')

INSERT INTO USERCREDENTIAL (USERNAME, P_PASSWORD)
VALUES ('WebHost1','Farmer2')

INSERT INTO USERCREDENTIAL (USERNAME, P_PASSWORD)
VALUES ('Emp1','Admin1');

INSERT INTO EMPLOYEE(EMPLOYEE_NAME, EMPLOYEE_SURNAME, EMPLOYEE_DOB , EMPLOYEE_CELL, EMPLOYEE_EMAIL, USERNAME)
VALUES ('Angelo', 'Traverso', '2001/01/25', '0823134927', 'at@gmail.com', 'Emp1')

INSERT INTO FARMER(FARMER_NAME, FARMER_SURNAME, FARMER_DOB , FARMER_CELL, FARMER_EMAIL, USERNAME)
VALUES ('John', 'Wick', '2023/05/14', '0823098927', 'gg@gmail.com', 'Koos123')

INSERT INTO FARMER(FARMER_NAME, FARMER_SURNAME, FARMER_DOB , FARMER_CELL, FARMER_EMAIL, USERNAME)
VALUES ('Gabriel', 'Grobbelaar', '2000/03/17', '0728738434', 'gg1703@gmail.com', 'WebHost1')

INSERT INTO PRODUCT(PRODUCT_CODE, PRODUCT_NAME, PRODUCT_PRICE, PRODUCT_QUANT, PRODUCT_DATE)
VALUES('ABC123', 'Soil', 29.99 , 5, '2023/05/14')

INSERT INTO PRODUCT(PRODUCT_CODE, PRODUCT_NAME, PRODUCT_PRICE, PRODUCT_QUANT, PRODUCT_DATE)
VALUES('DEF456', 'Plants',45.99, 15, '2023/05/14')

INSERT INTO PRODUCT(PRODUCT_CODE, PRODUCT_NAME, PRODUCT_PRICE, PRODUCT_QUANT, PRODUCT_DATE)
VALUES('WSD444', 'Tracktor',29999.89, 15, '2023/05/14'), ('QWE999', 'animal food', 499.99, 15, '2023/05/14');

dELETE FROM USERCREDENTIAL WHERE USERNAME = 'Koos123'

Delete from FARMER where FARMER_ID = 101

INSERT INTO FARMPROD(USERNAME, PRODUCT_CODE)
VALUES('Koos123','ABC123'), ('Koos123','DEF456');

INSERT INTO FARMPROD(USERNAME, PRODUCT_CODE)
VALUES('WebHost1','WSD444'), ('WebHost1','QWE999');



Select * from USERCREDENTIAL;

Select * from FARMER;

select * from EMPLOYEE;

select * from PRODUCT;

select * from FARMPROD; 

Select F.FARMER_NAME, F.FARMER_SURNAME,F.FARMER_CELL, P.PRODUCT_CODE, P.PRODUCT_NAME,P.PRODUCT_PRICE, P.PRODUCT_QUANT, P.PRODUCT_DATE
From FARMPROD FP, PRODUCT P, FARMER F
Where FP.PRODUCT_CODE = P.PRODUCT_CODE AND F.USERNAME = FP.USERNAME

DROP TABLE FARMER;
DROP TABLE EMPLOYEE;
DROP TABLE PRODUCT
DROP TABLE USERCREDENTIAL;
DROP TABLE FARMPROD;